id,sentence,difficulty
0,"Les coûts kilométriques réels peuvent diverger sensiblement des valeurs moyennes en fonction du moyen de transport utilisé, du taux d'occupation ou du taux de remplissage, de l'infrastructure utilisée, de la topographie des lignes, du flux de trafic, etc.",C1
1,"Le bleu, c'est ma couleur préférée mais je n'aime pas le vert!",A1
2,Le test de niveau en français est sur le site Internet de l'école.,A1
3,Est-ce que ton mari est aussi de Boston?,A1
4,"Dans les écoles de commerce, dans les couloirs de places financières, il arrive aujourd'hui de croiser de jeunes adultes de 20 ou 25 ans qui prévoient d'ouvrir une maison d'hôtes ""dans une quinzaine d'années"".",B1
5,voilà une autre histoire que j'ai beaucoup aimée.,A2
6,Les médecins disent souvent qu'on doit boire un verre de vin rouge après les repas.,A2
7,"Il est particulièrement observé chez les personnes ayant un besoin de popularité développé, qui considèrent dès lors le moindre signal du smartphone comme un possible indicateur de leur degré de popularité.",B2
8,J'ai retrouvé le plaisir de manger un oeuf à la coque,A2
9,"Nous allons bien, nous habitons dans une petite maison ancienne avec un très beau jardin",B1
10,Bonjour et bonne année.,A1
11,La presse s'est abondamment fait l'écho des effets secondaires ressentis par les soignants de moins de 65 ans.,B2
12,"Pour que le rocher s'ouvre, il faut le toucher avec un brin d'herbe.",B1
13,J'habite une belle ville dans le nord de la France.,A1
14,"Certes il doit répondre aux goûts du consommateur, mais aussi aux capacités de son porte-monnaie.",B2
15,"Ma timidité me quittait dès que je m'éloignais d'Ellénore ; je reprenais alors mes plans habiles et mes profondes combinaisons : mais à peine me retrouvais-je auprès d'elle, que je me sentais de nouveau tremblant et troublé.",C2
16,Je pense que fréquenter les galeries est la meilleure manière d'éduquer son oeil à l'art contemporain.,B2
17,"Le soir, je me cuche tôt parce que je dois être toujours en bonne forme.",A1
18,"La mère de Raphaël et de Vanessa exprime sa satisfaction : depuis que ses enfants possèdent un portable, ""ça a libéré ma ligne"", déclare-t-elle.",B2
19,Je ne fais pas grand-chose à la maison.,A2
20,Elle ajoute qu'une interdiction totale est impossible à gérer.,B2
21,"Sans plus d'hésitation, il tourna vers la gauche ; son pas sonnait sur la terre durcie, et ce bruit cadencé, monotone, assoupissait en le berçant, le tumulte de son esprit.",C2
22,"Comme le signale l'expression ""lingua franca"", le français a été pendant très longtemps la langue internationale, eu égard à notre rayonnement politique aussi bien que culturel",C2
23,Je ne t'ai pas téléphoné parce que j'ai eu trop de travail.,B1
24,C'est peut-être ça que vous cherchez ?,A2
25,"Qu'est-ce qui peut bien poser problème dans ces petits livrets pourtant plutôt attractifs pour que seuls 23, 4 % de leurs détenteurs arrivent au bout ?",C2
26,Je consulte d'habitude ma messagerie. Et puis je prends un café.,A1
27,Nous sommes en train de dîner.,A2
28,"En fait, je trouve que l'éducation est une bonne chose.",B1
29,As-tu besoin de quelque chose?,A1
30,"Perpétuel clandestin, c'est muni d'un faux titre de séjour, photocopie de la carte de résident d'un copain-complice, qu'il avait ensuite sillonné l'Hexagone, au bon vouloir d'employeurs peu scrupuleux.",C1
31,"Le mariage mixte apparaît comme le lieu privilégié ou les cultures s'affrontent, dialoguent et se fondent.",B2
32,"Assis en terrasse dans le quartier touristique du Vieux Lyon, James sirote une limonade bien fraîche",B2
33,"La chronologie antique ne prend sens que sur un large pourtour de la Méditerranée, de même que ce découpage spatial n'est pertinent comme entité géographique que durant cette période pendant laquelle la mer intérieure n'est pas vécue comme une limite.",C2
34,"En voici un des moins obscurs : ""Plus nous devenons maîtres de la biosphère, plus nous en devenons dépendants ; plus nous la dégradons, plus nous dégradons nos vies5.",C2
35,"C'est le début de troubles qui se poursuivent et s'étendent au reste du territoire tout au long du mois de septembre les fameuses ""Journées de septembre"" amplifiés le refus de Guillaume 1er de considérer les revendications des insurgés",B2
36,Les filles s'étaient fait des colliers en fruits rouges qui ressemblaient à des perles.,B2
37,Je reste avec toi.,A1
38,Un revenu devient donc une nécessité pour que l'Homme puisse accéder à la satisfaction d'avoir comblé ses désirs,C2
39,Tu mangeas les petits fruits dès que tu les eus cueillis,C2
40,"Ben, on est tous débordés quoi.",A1
41,"Un petit garçon : Ben trois dans un nid et dans l'autre, y'en a deux",A2
42,J'ai été en forme toute la matinée.,A2
43,"L'ordinateur peut aussi répondre à des interruptions qui lui permettent d'exécuter des programmes de réponses spécifiques à chacune, puis de reprendre l'exécution séquentielle du programme interrompu.",C2
44,Il a plu et j'ai attendu l'autobus.,A2
45,"Dans d'autres cas il s'agit de limites relatives, basées sur un taux de croissance démographique de référence, valables là aussi uniquement hors centres ou pondérées en fonction du degré de centralité.",C2
46,C'est bien !,A1
47,"En 2007, moins de 8% des déchets des entreprises ont fait l'objet d'une collecte sélective.",B2
48,Les médecins des donneurs vous conseilleront volontiers dans un tel cas vous renseigneront par rapport aux dons de sang.,C1
49,Le plus inquiétant c'est que la Scandinavie avait déjà battu des records de chaleur pendant l'été 2018,A2
50,J'aime le ski.,A1
51,"""Malheureusement, il semble désormais évident qu'il n'y a pas de voie pour obtenir une confirmation"", a écrit Neera Tanden à Joe Biden en retirant sa candidature",B2
52,Pourquoi l'oisillon se retrouve-t-il seul dans la forêt ?,A1
53,Elle est née quel jour ?,A1
54,"Il existe effectivement, des êtres humains qui possèdent une quantité de pouvoir importante et qui contraignent l'humanité à travailler en créant un cercle vicieux qui fait du travail une nécessité pour accéder à ses propres désirs",C2
55,Une bouchée de : cette expression fait référence à la quantité d'un aliment qu'on met dans la bouche en une fois.,B1
56,"Si tu respectait les indications plus sérieusement, tu trouverais plus facilement ton chemin à travers ces ruelles.",B2
57,"Aussitôt que Julie eut découvert la vérité, elle fut furieuse",C2
58,Pile au moment où on a le plus besoin de réconfort,A2
59,"Le train, en son temps, était également craint. Brigitte Munier Les robots suscitent l'enthousiasme des Occidentaux, mais aussi leur angoisse: au lieu de les concevoir comme de simples outils ou, à la manière japonaise, tels d'amicaux auxiliaires, ils craignent des compétiteurs menaçant leur avenir.",C1
60,Je viens d'emménager dans ma nouvelle maison.,A2
61,"Et cette année, ça défile !",B1
62,"Compte tenu de cette configuration, cette zone est peu adaptée à des mesures de terrain pour limiter la diffusion des campagnols terrestres ; les axes routiers ne représentant pas une barrière très forte pour cette espèce, on peut aussi penser qu'un tel résultat est un artéfact dû à la coupure artificielle d'une seule tache de prairie.",C1
63,"Après mûre réflexion, la Commission européenne a eu une idée brillante: s'attaquer à un nouveau chantier, qui avait jusque-là bizarrement échappé à sa sagacité légendaire.",C1
64,"Avec de l'expérience, le télévendeur peut devenir animateur d'un pôle de télévendeurs, superviseur d'équipe, chef de plateau.",B1
65,"Et toi, qu'est-ce que tu vas faire ?",A2
66,Les valorisations boursières des sociétés Internet comme AMAZON,C2
67,"Sur d'autres, on entendait une série de détonations, tandis que des contestataires scandaient: ""notre révolte doit réussir"".",C1
68,Les baby-boomers en sont convaincus: tout peut recommencer à 50 ans.,C1
69,"Rien n'était si beau, si leste, si brillant, si bien ordonné que les deux armées.",B1
70,Comment t'appelles-tu ?,A1
71,"Largué par la sonde européenne Rosetta, le petit robot avait atterri mercredi en fin d'après-midi sur le noyau de la comète Tchourioumov-Guérassimenko, une première de l'histoire spatiale.",B2
72,"Elle pendit son linge au dossier d'une chaise, elle demeura debout, tournant, examinant les meubles, frappée d'une telle stupeur, que ses larmes ne coulaient plus ; il lui restait un sou sur les quatre sous gardés pour le lavoir. Puis, entendant rire à la fenêtre Étienne et Claude, déjà consolés, elle s'approcha, prit leurs têtes sous ses bras, s'oublia un instant devant cette chaussée grise, où elle avait vu, le matin, s'éveiller le peuple ouvrier, le travail géant de Paris ; à cette heure, le pavé échauffé par les besognes du jour allumait une réverbération ardente au-dessus de la ville, derrière le mur de l'octroi ; c'était sur ce pavé, dans cet air de fournaise, qu'on la jetait toute seule avec les petits et elle enfila d'un regard les boulevards extérieurs, à droite, à gauche, s'arrêtant aux deux bouts, prise d'une épouvante sourde, comme si sa vie, désormais, allait tenir là, entre un abattoir et un hôpital.",C2
73,"Le sérum, qui a pâti de la comparaison avec ses concurrents Pfizer et Moderna, est désormais considéré comme aussi efficace pour prévenir le risque d'hospitalisation.",C1
74,"J'ai identifié trois peurs fondamentales du robot: la crainte instinctive du métal contre la chair, la crainte sociétale, presque désespérée du robot qui va voler le travail de l'homme, et, enfin, la crainte identitaire de voir le robot nous dépasser en capacités intellectuelles ou autres.",C2
75,Mais d'autres pourront préférer L'Assassin des échecs ou Les Annales du Kangourou (Editions du Kangourou) .,C2
76,Vous ferez de la randonnée ?,B1
77,il y a plus de 50 pays francophones !,A1
78,Ils ont déjà l'obligation de les ramener chez eux.,B1
79,"Un autre : Oui, on leur a bien donné des noms",A2
80,Vous joindrez à votre formulaire les pièces justificatives et documents sous format numérique.,B2
81,"Merci, bon voyage.",A1
82,"Ce geste, presque insensible, lui fit courir, de la tête aux pieds, un grand frisson sur la peau, et, se tournant vivement, il se jeta sur elle, cherchant la bouche avec ses lèvres et la chair nue avec ses mains.",C2
83,Il clabaude aux esgourdes des blaireaux enfarinés et des tordus pasteurisés.,C2
84,"Avec sa nouvelle compagne de quatorze ans sa cadette, il dit ""vivre une renaissance"".",C1
85,"Entre ceux qui ne jurent que par l'introduction de l'informatique dans l'enseignement obligatoire, et ceux qui ont peur que l'on veuille transformer le primaire en une grande école d'informatique, il existe pourtant des pistes pour initier les enseignants et favoriser un passage du périscolaire au scolaire, sans avoir à attendre une réforme du socle commun qui prendra des années.",C2
86,"Parmi les acteurs du commerce équitable, il faut distinguer les organismes ""labellisateurs"", qui certifient des filières d'importation par produit, et les importateurs - grossistes, détaillants ou réseaux de boutiques, comme Artisans du monde -, qui ont leurs propres contacts avec les producteurs et s'autocontrôlent, faute de mieux.",C1
87,Elle peut donc ouvrir d'autres réflexions et finalement devenir très enrichissante.,B2
88,"Ce paysan pleurait et prétendait qu'on lui avait tout pris ; Fabrice lui donna un écu, et il trouva de l'avoine.",B2
89,"La première limite est que les instruments de contingentement spatial pris en compte donnent une idée de la maîtrise ""potentielle"" de l'urbanisation, maîtrise dérivant des possibilités fournies par le cadre légal et stratégique dont chaque canton s'est doté.",C2
90,Le petit chat a plu à mes parents,A2
91,Se prémunir contre l'altération des données et avoir la certitude qu'elles n'ont pas été modifiées lors de leur stockage ou de leur traitement contribue à la qualité des prises de décisions basées sur celles-ci.,C2
92,"[.] Nous sommes des joueurs/joués3"".",B2
93,"Quand j'ai lu, j'ai découvert de nouvelles choses surprenantes sur les locataires qui occupaient l'appartement.",B1
94,Vous avez dit la seule chose intelligente !,A2
95,Mon ami ne répond pas au téléphone.,A1
96,Mon frère Patrice est plus jeune que moi,A2
97,"Ils sont en vacances, il n'y a que nous sur cette partie de l'île.",B1
98,"Quand il y a des nuages avec de la neige qui tombe, c'est qu'il va neiger et qu'il peut y avoir du brouillard, des risques de congélation, de la glace et que la température sera très basse",B1
99,"Un escalier nous conduisit à une large coursive en hauteur qui faisait le tour du bâtiment, desservant une succession de bureaux.",C2
100,"Que vous cherchiez une simple annonce ou un recruteur, vous êtes sûr de ne rater aucune offre d'emploi grâce à notre système d'alerte personnalisé.",B2
101,"Ça nous a donc coûté de l'argent, s'énerve-t-elle.",B1
102,Vous vous appelez comment ?,A1
103,"Fabrice, à peine âgé de seize ans, représentait fort bien le chef de la maison.",B2
104,"Oui, je suis à Paris depuis vingt jours à peine.",A1
105,"L'apprentissage du code et plus largement d'une culture générale du numérique à l'école est une mesure réclamée depuis longtemps par l'Académie des Sciences, soutenue par des acteurs qui comptent dans le secteur numérique, comme la Cnil ou le Conseil national du numérique, et qui figure même dans une proposition de loi de la députée UMP Laure de la Raudière.",C2
106,Pourquoi ne pas avoir donné la serviette alors que tu avais déjà les plans ?,B1
107,"Quand je rentre, je demande à mes parents si je peux t'appeler pour avoir de tes nouvelles.",A2
108,"L'important, évidemment, pour les contribuables européens qui voudraient annuler leur dette, c'est que chacun des créditeurs, des créanciers soit traité de la même façon.",B2
109,"Même l'ambassadeur birman aux Nations unies, Kyaw Moe Tun, a rompu de manière spectaculaire avec les généraux putschistes la semaine dernière en appelant à ""mettre fin au coup d'Etat"".",C1
110,Le directeur aurait donné de nouvelles consignes au personnel.,B2
111,Vos regards m'observent.,C2
112,De nombreux auteurs ont spéculé sur les différents aspects de la personnalité de Léonard.,C1
113,"Les conséquences sur la nature sont gravissimes, notamment sur les océans qui contiendraient selon la revue américaine Science plus de 110 millions de tonnes de déchets plastiques.",B2
114,"Si sept millions de citadins rêvent de refaire leur vie aux champs, tous ne passent pourtant pas à l'acte. ""Il y a toujours un événement déclencheur"", constate la directrice de Changer tout.",B2
115,"Mon père, bien qu'il observât strictement les convenances extérieures, se permettait assez fréquemment des propos légers sur les liaisons d'amour : il les regardait comme des amusements, sinon permis, du moins excusables, et considérait le mariage seul sous un rapport sérieux.",C2
116,Après tout que lui offre-t-elle à part de l'ennui et une grosse boule d'angoisse au creux du ventre ?,A2
117,Leur pavillon mitoyen à Paris était pratiquement neuf quand ils l'avaient acheté.,B2
118,L'émigration galicienne sous-tend l'évolution du peuplement et l'explique en grande partie.,C1
119,Ces tanières se fondent dans la nature pour être quasiment invisibles.,C1
120,Les hommes se croient libres alors qu'ils sont contraints ou déterminés par leur nature,C2
121,Il fallait radicalement changer de cap en choisissant la cuisine de qualité accessible au plus grand nombre au lieu de quoi nous nous sommes repliés sur des valeurs sûres désormais désuètes et indigestes.,B2
122,"Nos prophéties disent que tant qu'il y aura des bisons sauvages, nous survivrons.",C1
123,"Je m'appelle Camille et quand j'étais enfant, j'avais des rêves plein la tête",A2
124,"Réaffirmant que le Sénat ne s'était livré à aucun chantage contrairement aux allégations du rapporteur pour l'Assemblée nationale, il a, au contraire, affirmé que la position de la Haute Assemblée relevait d'une conception cohérente et constante de la société.",C1
125,"Quelques coups de battoir partaient encore, espacés, au milieu des rires adoucis, des conversations qui s'empâtaient dans un bruit glouton de mâchoires ; tandis que la machine à vapeur, allant son train, sans repos ni trêve, semblait hausser la voix, vibrante, ronflante, emplissant l'immense salle. Mais pas une des femmes ne l'entendait ; c'était comme la respiration même du lavoir, une haleine ardente amassant sous les poutres du plafond l'éternelle buée qui flottait. La chaleur devenait intolérable ; des rais de soleil entraient à gauche, par les hautes fenêtres, allumant les vapeurs fumantes de nappes opalisées, d'un gris rose et d'un gris bleu très tendre ; et, comme des plaintes s'élevaient, le garçon Charles allait d'une fenêtre à l'autre, tirait des stores de grosse toile ; ensuite, il passa de l'autre côté, du côté de l'ombre, et ouvrit des vasistas.",C2
126,Que du bonheur !,A2
127,On semble oublier que le personnel en milieu scolaire applique déjà cette mesure.,B2
128,"Une association de promotion et de développement de l'apprentissage en ligne note que si la calculatrice a ""supplanté le calcul mental y compris pour des opérations basiques, et que l'utilisation d'un ordinateur relié à internet pourrait aisément remplacer une partie de notre mémoire, les opérations basiques ont ont été mémorisées en amont et c'est grâce à cette assimilation de connaissances basiques que l'apprenant peut utiliser la calculatrice"".",C1
129,"Tous, sauf un petit oiseau.",A1
130,Sa santé s'est dégradée à cause d'une infection sévère et ses jours sont comptés.,B2
131,La chose me vient d'être certifiée.,B1
132,La nouvelle a fait grand bruit: cette affaire de couvre-feu cache en fait une angoisse plus profonde.,B1
133,J'ai le plaisir de vous annoncer que votre demande d'inscription à l'université de Strasbourg en première année de master Sciences et Société a été acceptée,B1
134,"Une large majorité de français est favorable à la modification du calcul de la retraite des fonctionnaires dans le cadre de la réforme en préparation, selon un sondage publié vendredi",C2
135,"Aussi, les jeunes heureux réussissent à acheter leur autonomie et leur tranquillité par une réussite au lycée qui ne les dévore pas.",B2
136,"Une fois qu'il a tout fini, Théo peut enfin aller jouer et s'amuser avant de dîner avec ses parents.",A2
137,"La cinquantaine est un bel âge: on gagne en profondeur et en bienveillance, constate Philippe Wattier.",C1
138,Les quelques chiffres publiés à ce jour donnent une idée de la dégradation du climat entre les élèves des deux sexes.,C1
139,"Mais une différence apparaît en fin de cursus scolaire, les garçons prenant dans ce dernier domaine un avantage sur les filles.",B2
140,"Le vert par exemple, est la couleur de l'herbe et des feuilles des arbres.",A1
141,Elle ne ressemble à aucune des filles que je connais.,A2
142,"Les masses liquides transportent les plus grandes espèces connues de mammifères, et peut-être recèlent-elles des mollusques d'une incomparable taille, des crustacés effrayants à contempler, tels que seraient des homards de cent mètres ou des crabes pesant deux cents tonnes !",B2
143,"Force est de constater que l'écart se creuse entre les pays en développement qui, progressivement, sortent de la pénurie chronique, et ceux qui stagnent ou régressent dans leur combat contre la faim.",C1
144,"Une huitième édition dominée par le duel au sommet avec Alex Thomson, une course poursuite menée par Armel depuis le 23 novembre dernier, quarante-sept jours de haute tension qui se terminent aujourd'hui",C1
145,Pourquoi on ne peut pas entrer dans la chambre ?,A1
146,À très bientôt.,A2
147,"C'était cette comparaison, tacitement et inlassablement répétée dans une même toile, qui y introduisait cette puissante et multiforme unité, cause, parfois non clairement aperçue par eux, de l'enthousiasme qu'excitait chez certains amateurs la peinture d'Elstir.",C2
148,Soyons sérieux,B2
149,Bienheureux le quidam que voilà débarrassé de cette peur originelle d'échouer et de faire faux,C2
150,Je prends le train.,A1
151,"C'est dans sa lettre à Schuller, extraite de sa Correspondance, que Spinoza dénonce l'illusion du libre arbitre",C2
152,Je prends mon petit-déjeuner dans la cuisine.,A1
153,Il nous arrive de procéder de cette façon de temps en temps.,A2
154,"Alors qu'au cours du Paléolithique, la diffusion avait fractionné l'écoumène en petits groupes, la tendance depuis la fin de la dernière glaciation est à l'épaississement des relations dans l'Ancien Monde, par augmentation des effectifs et par tissage d'interconnexions.",C2
155,"Or, la croissance démographique concerne surtout les pays en voie de développement, qui connaissent aujourd'hui des problèmes de sous-alimentation et de mauvaise alimentation.",C1
156,Je suis dans ma chambre.,A1
157,Une indéniable sérénité se reflétait sur ses traits.,C2
158,Le jour de l'An correspond au 1 janvier.,A1
159,"Étant féru d'art, Yves Saint Laurent a constitué, au fil des années, une importante collection d'objets précieux et de peintures qui ont inspiré certaines de ses créations.",C1
160,Ils suivaient une sente creuse que dominait des deux côtés un talus de six pieds de haut.,C2
161,Je ne comprends pas.,A1
162,"Mais, à partir de ce moment, elle n'écouta plus ; et le choeur des conviés, la scène d'Ashton et de son valet, le grand duo en ré majeur, tout passa pour elle dans l'éloignement, comme si les instruments fussent devenus moins sonores et les personnages plus reculés ; elle se rappelait les parties de cartes chez le pharmacien, et la promenade chez la nourrice, les lectures sous la tonnelle, les tête-à-tête au coin du feu, tout ce pauvre amour si calme et si long, si discret, si tendre, et qu'elle avait oublié cependant.",C2
163,"Et nos esprits qui reçoivent les instructions de ces organes, diversement impressionnés, comprennent, analysent et jugent comme si chacun de nous appartenait à une autre race.",C1
164,"Trop concrète peut-être après le temps du rêve. Aucun terminus ne semble, pour l'écrivain, pouvoir justifier d'avoir enduré tant de souffrances, ni inciter à rompre avec le temps du vagabondage.",C2
165,"""Nous explorons la meilleure voie légale, probablement via le système interaméricain, en invoquant la déclaration des droits de l'homme de 1948"".",C1
166,"À ce compte-là, les cours de langue au collège pourraient être profitablement remplacés par des séances de mémorisation de l'annuaire",C2
167,Je préfère un autre bijou.,A1
168,Il n'a pas de veste,A1
169,Un autre inconvénient à cette interdiction est le risque de priver les adolescents d'un apprentissage sur l'utilisation raisonnée d'Internet et des réseaux sociaux.,B2
170,Le massacre est commémoré sur le drapeau de la ville de Chicago par sa première étoile rouge,B1
171,Je ne trouve pas la rue du marché.,A1
172,"Fruit d'une pensée élaborée depuis la Renaissance, l'individualisme est un projet de société dans lequel chacun devrait trouver les meilleures conditions de sa réalisation et de son épanouissement.",C1
173,"Cette année, ce n'est pas moins de 12 millions d'élèves qui ont repris le chemin de l'école.",A2
174,"Sébastien Granet et Hélène Lavoie, la cheffe, nous ont accueillis malgré un autobus de visiteurs qui ripaillaient",C2
175,Les parents qui ont du mal à couper le cordon s'étonnent que leurs enfants préfèrent brancher leur boîte vocale et ne répondent pas à leurs appels.,B2
176,"C'est pourquoi nous demandons aujourd'hui que le président de la République tienne sa parole et soumette, 'sans filtre', les propositions de la Convention au référendum, au parlement ou à application réglementaire directe.",C1
177,Je ne trouve pas mes clés de maison.,A1
178,"Les industriels polluent l'eau, l'air et les sols avec leurs produits toxiques.",B2
179,Il met son plus beau costume et son chapeau,B1
180,"D'abord, la dernière élection présidentielle, où le vote pour le Front national fut autant le fait des jeunes électeurs que de leurs aînés.",B2
181,"Selon un sondage publié en mai dernier par BVA (société française de sondages) et le Syntec Numérique (fédération professionnelle du secteur informatique) favorable à la mesure, 87 % des Français seraient même d'accord pour que la programmation informatique soient enseignée à l'école (24 % à partir du primaire, 41 % à partir du collège).",C2
182,Les parents de banlieue se sont organisés pour les devoirs des enfants.,A2
183,Vous attendîtes la surprise que vos parents vous eurent promise,C2
184,"Le duo n'a pas grand chose en commun, mis à part ses positions relativement conservatrices, qui lui vaut les foudres des progressistes.",B2
185,"Or, sur les quelque 6 000 langues qui existent actuellement dans le monde, la moitié compte moins de 10 000 locuteurs et un quart moins de 1 000.",C1
186,"Les passants semblent moins pressés, et s'attardent plus facilement devant une devanture ou dansles rayons.",B2
187,A qui appartient le chien qui aboie nuit et jour ?,B1
188,Elle sait parler anglais et espagnol,A1
189,"Ce phénomène, c'est l'apparition d'une génération inédite.",B2
190,"Après l'ambiance de luxe, ici c'est comme un tranquille village",B1
191,"Des chiffres tirés d'une des rares enquêtes sur le sujet, réalisée en 2000 (publiée en 2001) par l'Institut de recherche sur l'économie de l'éducation auprès des parents de 2 500 enfants de l'académie.",C2
192,Monet peignit ce portrait emplit de sensualité et lourd de symbolisme.,C1
193,Elle pense à lui.,A1
194,"Oui, l'ouragan a touché terre la nuit dernière dans le nord du Nicaragua, il s'est ensuite étendu à plusieurs pays d'Amérique centrale",B1
195,Je viens d'emménager dans ma nouvelle maison,A2
196,"De toute façon, chacun sait que, pour choisir son logement idéal, cela peut prendre plusieurs mois.",B1
197,"Parmi les habitants de la région, il y a ceux qui veulent revenir et ceux qui ne veulent pas",A2
198,Nous apportons des arguments experimentaux et théoriques en faveur d'un mecanisme intramoleculaire.,C2
199,"On choisit la date, le lieu et le projet qui nous intéressent, on paye et on part !",B1
200,"Dans les campagnes, c'est différent !",A2
201,Faites des groupes de trois personnes.,A1
202,"La salle craquait sous les bravos ; on recommença la strette entière ; les amoureux parlaient des fleurs de leur tombe, de serments, d'exil, de fatalité, d'espérances, et quand ils poussèrent l'adieu final, Emma jeta un cri aigu, qui se confondit avec la vibration des derniers accords.",C2
203,Le Président a promis qu'il tiendrait toutes ses promesses.,B1
204,Qu'allez-vous faire demain ?,B1
205,Où se trouve le supermarché?,A1
206,"Il donna cette feuille à l'alouette, et lui ordonna de la laisser tomber sur la tête du dragon.",A2
207,Je vous conseille d'écouter deux fois cette histoire avant de passer à la suite.,A2
208,"Après 22 ans de vie parisienne, cet ancien designer-graphiste a décidé de se consacrer à sa passion de toujours : la cuisine",C1
209,Je ne veux plus le voir parce qu'on s'est disputés la dernière fois que l'on s'est vus.,A2
210,"En France, si je parle anglais à mon fils, Mathias, il me répond plutôt en français.",B1
211,Nous les mangeons ensemble le samedi soir.,A1
212,"Ça veut dire ""Sapeurs-Pompiers""",C1
213,Les sexagénaires sont jeunes.,B2
214,"Et le vieux chef a toujours raison, car c'est le seul qui parle aux dieux.",B1
215,J'ai cherché à te joindre il y a une heure.,A2
216,Cela nécessite des équipements et suffisamment de place.,B2
217,J'ai soif.,A1
218,Léonard de Vinci a eu beaucoup d'amis qui sont reconnus dans leurs domaines respectifs ou ont eu une influence importante sur l'Histoire.,B2
219,"L'incarnation nous met en présence de l'immuable qui est par lui-même quelque chose de général; et cet immuable revêtant le caractère de l'individualité, ce caractère même devient quelque chose d'universel.",C2
220,Vous avez une réduction ?,A1
221,"Je n'aime pas la pluie, surtout pendant les vacances.",A1
222,Je serai ravi de t'accueillir.,A2
223,Le petit chat plaît à mes parents.,A2
224,"Comme l'enfant séparé de sa mère trouve dans son ""doudou"" un moyen de se rassurer, le smartphone, objet transitionnel, ne permettrait-il pas de lutter contre les frustrations et affects négatifs provoqués par le monde social ?",C2
225,Twitter va bannir les utilisateurs en cas de désinformation répétée sur les vaccins.,B2
226,"C'est, de manière plus générale et de façon indiscutable, le meilleur joueur du monde.",B1
227,"Cette ""fin des grands récits"" est largement celle où les lieux étaient classés par étapes - la succession des modes de production marxistes en représentait la version la plus formalisée, mais parler de sous-développement ou de décollage s'inscrivait dans le même paradigme évolutionniste.",C2
228,"Ici, le travail est un châtiment divin, imposé par Dieu aux Hommes pour les punir de leur désobéissance",C2
229,"Même sans se considérer forcément comme un ""cyberaddict"", tout un chacun peut s'inspirer de ces techniques pour y puiser des conseils.",C2
230,Ils sont pas chers,A1
231,"Je sais qu'elle vit seule avec son père, mais je ne lui ai jamais demandé pourquoi.",B1
232,"Ces deux étapes se caractérisent pas la difficulté éprouvée par le couple devant les choix qu'impose l'éducation de leurs enfants (école, religion, langue.).",C2
233,"Ainsi l'inaltérable patience de robots instituteurs en Corée du Nord et au Japon convient elle aux enfants autistes, mais nul ne sait comment évolueront les autres enfants qui n'apprennent pas à composer avec les humeurs d'un professeur humain.",C1
234,La communauté scientifique apprécie peu la présence de femmes.,B2
235,Les anciennes générations sont beaucoup plus conservatrices que les jeunes générations.,B2
236,Etes-vous à la maison ?,A1
237,Quand les rencontrer?,A2
238,"Entre ceux qui ne jurent que par l'introduction de l'informatique comme un enseignement obligatoire, et ceux qui ont peur que l'on veuille transformer le primaire en une prépa à l'Ecole 42, il existe pourtant des pistes pour initier les enseignants et favoriser un passage du périscolaire au scolaire, sans avoir à attendre une réforme du socle commun qui prendra des années.",C2
239,Un message d'urgence des pompiers vient de tomber :,A2
240,J'étais donc lycéen et pompier à la fois.,A2
241,Un journaliste de Art Press a interviewé Agathe sur la performance dans laquelle elle a participé.,B2
242,Je ne crois pas que les enfants vont réussir.,A2
243,C'est vrai qu'ils sont très bons mais j'ai peur qu'il tombe malade,B1
244,"C'est d'accord pour samedi, je viens avec ma soeur Katrine.",A1
245,"Les Cyanobactéries se distinguent des Bactéries par la présence de chlorophylle A et de pigments accessoires hydrosolubles, les phycobilines rouge et bleue.",C1
246,"Celles-ci n'influeront sur la recherche scientifique que vers le milieu du XVIIe siècle: et l'on peut, il me semble, attribuer au grand naturaliste Réaumur le mérite d'en avoir tiré les premières conséquences expérimentales dans ses recherches sur la prolongation de la vie chez les insectes.",C2
247,"Même à l'université, les études sont trop focalisées et seuls 5 % des étudiants qui ont un doctorat occuperont une fonction académique.",C2
248,"Et si boire chaud donne chaud, c'est un mal pour un bien car la température élevée du liquide augmente la température interne du corps et stimule ainsi la transpiration.",B1
249,"Le soir venu, il faut rentrer en prenant le même chemin que le matin",A2
250,Je suis vraiment plus dans le flow,A2
251,L'élastique s'est distendu.,B1
252,Cet auteur tellement lu pour sa Grammaire impertinente propose aussi. des Jeux pour lire vite (Retz),C2
253,Des coutumes similaires ont existé autrefois notamment dans le Finistère : les enfants s'amusaient à creuser des betteraves au moment de la Toussaint pour faire peur aux gens du voisinage,B2
254,"Elle ressemble à un bébé tigre, mais c'est un tigre qui a très peur.",A2
255,"De nombreux indicateurs lui permettent de suivre l'évolution de la situation, et au fur et à mesure que l'épidémie se propage, de nouveaux outils deviennent nécessaires pour avoir une vision globale de la situation.",C1
256,Alice a un chien.,A1
257,Pierre qui roule n'amasse pas mousse,C1
258,Elle n'était pas là.,A1
259,Des réponses aux questions que l'on se pose sur soi et sur les autres.,A2
260,"Cependant, la responsable du service nous a confirmé que les conditions d'accueil et de délivrance de vos documents administratifs mit été respectées selon les normes établies par notre ministère",C2
261,L'ensemble des jeunes ?,A2
262,"Il avait pris sa belle valise verte qu'il trimballe depuis vingt ans, pour passer cinq jours de vacances près de Vannes chez sa vieille amie Sylvaine qu'il voyait beaucoup avant de vivre à Valencienne",B1
263,"Ensuite, on ira au cinéma du quartier qui organise tous les ans des séances spéciales",C1
264,Les résultats de deux études sur les métriques utilisées par les entreprises pour évaluer leur capital intellectuel,C2
265,La ville entière s'est illuminée autour du marché de Noël qui enchante les passants de ses illuminations réchauffant les coeurs dans le froid de l'hiver,B2
266,"Si vous êtes intéressé, appelez-moi.",A1
267,"La retraite, les quinquas d'aujourd'hui l'imaginent active, forcément active.",C1
268,Mon père a eu une mutation pour venir travailler à Paris.,A1
269,"On peut aussi aller au théâtre, dans les musées ou au cinéma",A1
270,"Je suis encore au bureau, je vais rentrer plus tard.",A1
271,On va manger dans le jardin.,A1
272,"Il aurait vidé de même une barrique entière, lui semblait-il ; il aurait mangé un boeuf, étranglé un lion.",B2
273,"Une feuille prise d'un arbre du paradis, sur laquelle est écrite un mot en lettres d'or par le Père éternel.",A2
274,"Ne t'inquiète pas, tu vas vite t'habituer à ta nouvelle vie.",A2
275,Les réseaux sociaux sont l'objet d'un étonnant paradoxe.,B2
276,"C'est là un enrichissement culturel, car l'enfant peut alors s'ouvrir, à travers cette langue différente, à des traits typologiques présents dans beaucoup d'autres langues, sur lesquels le bilinguisme breton français offre un accès indirect",C2
277,Vous avez bien étudié et vous avez réussi facilement.,A2
278,Le journal n'a pas expliqué comment ce prisonnier s'est évadé.,B1
279,"Il ne la connaît pas bien, alors il demande à ses autres collègues",A1
280,L'anecdote est révélatrice.,B2
281,"C'est l'année où les centaines de milliers de baby-boomers, nés lors du pic des naissances de 1946, arriveront à la retraite.",B2
282,"Pour y aller, descendez à la station musée du Louvre, prenez à droite et continuez tout droit",A1
283,L'originalité du mécanisme est d'utiliser des photons et de les convertir en énergie chimique qui se retrouve dans l'énergie de liaison des atomes de carbone et d'hydrogène dans les glucides formés.,C1
284,"Par ailleurs, 42 % des adolescents déclarent qu'ils seraient ""dévastés"" s'ils devaient quitter leur foyer plusieurs jours sans leur téléphone.",B2
285,"Et toi, tu es toujours cuisinier ?",A1
286,"En les mélangeant, on peut former d'autres couleurs. Le vert par exemple, est la couleur de l'herbe et des feuilles des arbres.",B1
287,"Enfin, selon le Haut conseil en santé publique, les ""lieux diffusant de la musique amplifiée"" ne doivent pas dépasser le niveau moyen de 105 dB durant quinze minutes, ce qui est rarement respecté.",B2
288,"Les dettes relevées au niveau individuel sont attribuées solidairement à l'ensemble des membres du ménage, les résultats diffusés indiquant ainsi les pourcentages de la population vivant dans un ménage avec le ou les types de dettes considérés.",C1
289,Elle a un physique ingrat.,B1
290,Le grand Meaulnes jeta son chapeau par terre et je vis qu'il avait les cheveux complètement ras comme un paysan.,B2
291,"En 1985, l'économiste japonais Ohmae Kenichi invente la formule commode de ""triade"" pour décrire la nouvelle polarisation du Monde.",C1
292,L'étude de l'influence de chaînes ramifiées courtes sur le métabolisme des xénobiotiques est développée en deux parties.,C2
293,La manière dont le Monde fut construit à partir des grandes découvertes est donc largement responsable de sa géographie contemporaine.,C2
294,"""Je les ai subis, et je les ai fait subir à mes enfants, jusqu'à ce que j'ose m'en affranchir, résume cet inventeur de produits plus ludiques",C2
295,"Il est devenu courant de déplorer que la France ait acquis la place de championne d'Europe des prélèvements obligatoires, expression qui englobe les impôts d'État, les impôts locaux, les taxes et les cotisations sociales : la part du Produit intérieur brut (PIB) que les autorités prélèvent sur la richesse nationale a atteint 48, 4 %, alors que la moyenne d'Europe est à 40, 2 %.",C2
296,Aucun filet ne saura empêcher les algues de l'Atlantique de voguer et de tirer leur saveur des eaux qu'elles traversent.,B2
297,"Une fois leur projet abouti, ils parlent de liberté, d'harmonie, de renaissance.",C1
298,"Il est vrai que Pierre a moins de livres que ses amis, mais les siens sont meilleurs.",A2
299,Vous êtes une des copines de Zoé.,A1
300,"Chacun de nous se fait donc simplement une illusion du monde, illusion poétique, sentimentale, joyeuse, mélancolique, sale ou lugubre suivant sa nature.",C1
301,"Ils déjeunèrent face à face, se regardant et se souriant sans cesse, occupés uniquement d'eux, tout enveloppés par le charme si doux d'une tendresse qui commence.",C1
302,Elle travaille dans le domaine de l'informatique aussi ?,A1
303,"Une action peut être envisagée, nonobstant les doutes subsistant quant au lien de causalité.",C2
304,"On peut montrer le nouveau père en exemple à destination d'autres pères moins impliqués, mais sans en faire ni un objet de curiosité ni un héros absolu auquel il faudrait dresser une statue.",B2
305,Les normes européennes sont absurdes et nous étouffent.,B2
306,M. Cruchon vient de donner une réponse à notre question.,A2
307,Il est possible de faire du vélo dans un parc autour d'une citadelle fortifiée.,A2
308,Elle ne travaille plus ici depuis quinze jours.,A2
309,Ne cherchons donc point d'assurance et de fermeté.,B2
310,Les jeunes sont moins soumis aux impératifs moraux qu'à ceux du succès.,B2
311,Jean a une copine.,A1
312,"Les sénateurs élus au scrutin majoritaire qui acceptent des fonctions gouvernementales sont remplacés, jusqu'à l'expiration d'un délai d'un mois suivant la cessation de ces fonctions, par les personnes élues en même temps qu'eux à cet effet.",C1
313,"L'étymologie latine du mot travail, ""tripalium"", signifie ""instrument de torture""",C2
314,"Au delà du désagrément esthétique, ces déchets menacent la moitié des oiseaux marins et au moins 200 espèces de poissons, crustacées et mammifères vivant dans les océans parce qu'ils confondent ces déchets avec de la nourriture.",B2
315,"Elles m'ont promis de me faire découvrir tout Londres : nous visiterons les musées, les monuments et les parcs",A1
316,"Pour Catherine Down, c'est un soulagement de ne pas avoir à traverser cette épreuve toute seule, même si l'idée de partager son petit studio l'a d'abord angoissée.",B1
317,"Sachez ici qu'impavide est la jument quand l'étalon la pénètre, impavide et, pourtant, nous n'ignorons pas que la verge de l'étalon est digne d'estime lorsqu'elle sort de son fourreau.",C2
318,Les enfant n'avaient pas envie de travailler leurs devoirs après l'école.,A2
319,(À noter que l'apprentissage de la grammaire française obéit aux mêmes objectifs.) Il est parfaitement connu que la seule méthode viable pour apprendre une langue étrangère est l'immersion,C2
320,Nous vous remercions de voyager sur la compagnie France Air.,A1
321,"Une association de promotion et de développement de l'apprentissage en ligne note que si la calculatrice a supplanté le calcul mental y compris pour des opérations basiques, et que l'utilisation d'un ordinateur relié à internet pourrait aisément remplacer une partie de notre mémoire, les opérations basiques ont été mémorisées en amont et c'est grâce à cette assimilation de connaissances basiques que l'apprenant peut utiliser la calculatrice .",B2
322,Ils créèrent une nouvelle société moderne sur les ruines de l'ancienne civilisation.,C1
323,"""Je vous laisserai sortir seulement à condition que vous juriez solennellement que vous ne révélerez à personne où vous avez dormi, ni comment vous êtes entré dans la grotte aux serpents !"" dit le roi.",B1
324,Le bord du lac est vraiment magnifique et je fais beaucoup de sport.,A2
325,Il joue de la guitare dans un bar.,A1
326,"A l'intérieur de ma maison, il y a un grand salon avec une table et quatre chaises pour accueillir mes amis.",A2
327,"Une belle robe moulante, elle veut mettre en avant ses formes",C1
328,Il nous a indiqué qu'il avait fini son film hier et qu'il allait en commercer un nouveau dans deux semaines.,B1
329,"Même si la Révolution française était déjà en cours, la prise symbolique de la Juillet forteresse, qui ne comptait que 7 prisonniers à l'époque, reste l'événement clé de la révolte",B2
330,"Pendant des semaines, la Maison Blanche avait courtisé une poignée de sénateurs républicains et démocrates modérés qui détiennent aujourd'hui le pouvoir de bloquer, ou de sauver, ses grands projets.",B2
331,"Petit, replet et hautainement timide, il avait un ventre légèrement proéminent, dont le surplomb offrait une pente ascendante qui mettait en évidence les boutons de son gilet et de son pantalon, marquant le milieu exact de son corps de cette ligne obstétrique que l'on voit sur les fruits : l'arc qui est l'inévitable rançon de pesantes tournées de bourgogne, de schlagsahne et de bière.",C2
332,"Certes, l'individu, actif et volontaire, est le seul initiateur de sa reconversion.",C1
333,Est-ce que tu veux que je regarde avec toi ?,A2
334,"Tous les mardis, il va à l'entraînement de football.",A1
335,Les vacances approchent et j'aimerais bien te voir !,A2
336,"La vieille acquiesça de la tête, sous sa grand cornette à l'ancienne mode, dont les ailes recourbées l'enveloppaient quasi toute de leurs blanches mousselines empesées",C2
337,Encore une fois.,A1
338,"Pour aller dans ma chambre, je dois monter un escalier",A2
339,"Dans cette situation tout en cherchant d'autres facteurs possibles de maladie, un bilan du taux de ferritine, ainsi que d'autres tests peuvent être judicieux.",C1
340,"Le gouverneur de la colonie, William Bradford, décida alors de proclamer un jour de remerciement et d'action de grâce pour remercier Dieu de leur avoir donné une terre finalement si accueillante avec des indigènes si serviables",B2
341,Ainsi une centaine de caméras automatiques installées sur le sol français surveillent en permanence la rentrée de météorites dans l'atmosphère.,C1
342,"Le lendemain, l'assistante m'a téléphoné pour savoir si j'étais disponible lundi.",B1
343,"Dans les années 1990, Valéry Giscard d'Estaing s'engage pour l'Europe, mais en 2005, son projet de Constitution européenne est rejeté en France par référendum Le ""non"" l'emporte largement",C1
344,Comment j'ai survécu à une perverse narcissique,B2
345,Elle cherche un travail de réceptionniste dans un hôtel,A1
346,"Si la multiplicité des cultures est une condition nécessaire pour un développement humain réussi, alors la préservation de la diversité linguistique est essentielle, puisque les langues écrites et orales sont le principal mode de transmission des cultures.",C1
347,"Après, je vais dans la cuisine et je bois mon café",A1
348,"Je ne vais pas aller avec eux, puisqu'ils sont déjà partis !",A2
349,"L'immense majorité des déchets professionnels sont mêlés aux gravats ou aux emballages, et enterrés dans le sol faute d'être isolés en vue de leur traitement , affirme-t-il.",B2
350,Il y a même des restaurants,A2
351,Serveur : y a-t-il un problème avec votre table ?,A2
352,"Une exception, dans un paysage audiovisuel où il y a beaucoup de règles.",B1
353,"Les sollicitations incessantes auxquelles nous sommes confrontés nous obligent à une discipline de fer. Pour ne pas se laisser envahir, il devient nécessaire d'établir des règles et limites.",C2
354,Son retour fut moins prompt que ne l'espérait le comte de P ***.,C2
355,Le raisonnement mathématique est plus proche de la logique masculine.,B2
356,Mais le chien n'est pas le seul à apprendre !,B1
357,Crise de l'âge adulte ou choix rationnel ?,C1
358,Le chien a besoin de rencontrer d'autres animaux.,B1
359,Il paraît qu'on mange bien : l'une des spécialités de l'île est le fromage de chèvre.,A2
360,Mon mari est éditeur.,A1
361,"Descendu de cheval, il allait le long des noisetiers et des églantiers, suivi des deux chevaux que le valet d'écurie tenait par les rênes, allait dans les craquements du silence, torse nu sous le soleil de midi, allait et souriait, étrange et princier, sûr d'une victoire.",C2
362,"L'habileté de son plan ne consistera donc point dans l'émotion ou dans le charme, dans un début attachant ou dans une catastrophe émouvante, mais dans le groupement adroit de petits faits constants d'où se dégagera le sens définitif de l'oeuvre.",C1
363,"La population mondiale, malgré un net ralentissement, augmente et elle pourrait atteindre 9, 3 milliards de personnes en 2050, et plafonner autour de 10, 5 à 11 milliards à la fin du XXIe siècle.",C1
364,"J'allai me cacher dans un coin du salon, derrière un groupe d'hommes qui causaient.",C2
365,"Oui, il y a une grande armoire.",A1
366,"Lorsqu'il y a des mouvements sociaux en France, la présence des jeunes, étudiants et lycéens, est souvent déterminante.",B2
367,"Jour du Seigneur cher à l'Église, il est supprimé après la révolution de 1789, puis voué aux gémonies par Napoléon, sous prétexte que, ""le peuple mangeant le dimanche, il doit pouvoir travailler le dimanche"".",C2
368,Les choses sont en train de mal tourner.,A2
369,"La parade descend l'avenue Champs-Élysées, de la place de l'Étoile, alias place Charles-de-Gaulle, jusqu'à la place de la Concorde",B2
370,Je dois beaucoup travailler mais ça me plaît,A1
371,"Emma rêvait au jour de son mariage: et elle se revoyait là-bas, au milieu des blés, sur le petit sentier, quand on marchait vers l'église.",C2
372,"Sur les flancs et les derrières de la noce, tout le village en rumeur bourdonnait comme un essaim",C2
373,"Dès que vous eûtes ouvert la porte, le chat entra avec empressement",C2
374,"Malgré les 35 heures, le Bureau of Labor Statistics du ministère fédéral américain du Travail établit ainsi qu'un Français produit davantage de richesses qu'un Anglais, un Allemand ou un Japonais.",C1
375,"Finies les façades grises et ternes, terminée la morosité ambiante",B2
376,"Après avoir lutté contre la philosophie de la réflexion, Hegel doit donc entreprendre une lutte contre la philosophie du romantisme.",C2
377,Mais je ne suis pas tout à fait certain de réussir.,B1
378,Moi je suis pas vraiment d'accord avec ce que dit Monsieur.,A2
379,"Autrement dit, peut-on se contenter du sentiment de notre liberté pour en déduire son existence certaine",C2
380,"Morin : ""Notre mode de connaissance parcellisée prédit des ignorances globales.",B2
381,"Comme pour les autres sciences, la démarche des enseignants intéressés par les ressources pédagogiques et les formations de La Main à la pâte est une démarche volontaire.",C2
382,Elles cachent une partie de leur douleur,B2
383,"Fini les pâtes à l'italienne, les gros haricots blancs, les pommes de terre en robe des champs avec du beurre et du bon pain frais.",B2
384,"Il aime beaucoup lire, surtout le soir avant de dormir",B1
385,"Et toi, ça va ?",A2
386,"C'est une gifle immatérielle, une ébauche de cruauté, un petit plain-pied sexuel, une indifférence de mâle.",C2
387,Un rocher est une grande masse de pierre dure qui est enracinée dans la terre.,B1
388,"Je ne mange pas viande, je suis végétarienne.",A1
389,La bave du crapaud n'atteint pas la blanche colombe,C2
390,"Comme souvent, lorsqu'une technique est émergente, sa finalisation se produit en plusieurs endroits presque simultanément.",C2
391,Je suis professeur.,A1
392,Il ne faut pas toujours aller les demander à la société.,A2
393,C'est parce qu'il n'aimait pas les plats de la cantine.,A1
394,Le journaliste lui a posé des questions auxquelles il a répondu sans hésitations.,B2
395,L'âme mobile de la comtesse embrassa avec enthousiasme l'idée de ce nouveau genre de vie ; il y avait vingt ans qu'elle n'avait habité ce château vénérable s'élevant majestueusement au milieu des vieux châtaigniers plantés du temps des Sforce.,C1
396,"Ceux qui, même adultes, apprennent le breton ou l'apprennent à leurs enfants, sont dignes d'admiration",C2
397,"Le 8 juillet, j'ai supprimé l'eau et le lait.",A2
398,Soixante associations de défense de l'environnement et de solidarité sociale ont mis en garde contre une possible exclusion de l'obligation de rénovation énergétique des logements dans la future loi sur le climat.,C2
399,"Les plaies qui saignent au flanc du Christ, les contradictions essentielles à la raison, il semble que Hegel les voie piu'fois comme une seule et même bIessure.",C2
400,"Ces derniers, par exemple, privilégient l'achat patriotique pour sa faible empreinte carbone",B2
401,Ce à quoi s'ajoute l'effet hautement déstabilisateur de la spéculation sur les matières premières.,C1
402,"Lucien Neuwirth, pionnier de la contraception, est mort dans la nuit de lundi à mardi à 89 ans, des suites d'une infection pulmonaire, à l'hôpital Rossini-Sainte-Périne à Pans",C1
403,"Il n'y a là rien d'impossible, estime un député, 75 % des déplacements domicile-travail font aujourd'hui moins de 5 km et 70 % de ces trajets sont faits aujourd'hui en voiture.",B2
404,Je travaille dans un hopital.,A1
405,Ils préfèrent alors rester à la maison et profitent du temps libre pour visiter leurs familles ou se balader en ville,B1
406,"Enfin, elle s'est occupée du nouveau stagiaire et elle lui a expliqué le fonctionnement de l'entreprise ainsi que le règlement intérieur",B1
407,"Je proposerai donc quelques pistes pour résoudre ces problèmes, notamment en préconisant l'utilisation d'objets connectés et applications fonctionnant localement, et en suggérant l'utilisation de tables de consentement afin de définir simplement ce à quoi l'utilisateur consent exactement.",C2
408,"Et surtout, essayez de limiter les paires de chaussures",B2
409,"L'accostage terminé, lorsque les chaloupes déversent à terre leurs myriades de poissons étincelants, les femmes qui les empilent à mesure dans des corbeilles ont l'air de brasser un butin barbare",C1
410,Huit photons au moins sont nécessaires pour permettre la réduction d'une molécule de dioxyde de carbone par l'eau.,B2
411,"Il n'engendre aucun mouvement alternatif, ce qui réduit les transformations de mouvement, les frottements, les vibrations et le bruit.",C2
412,Il est considéré comme un membre de la famille à part entière.,A2
413,"Oui, j'ai ouvert un restaurant à Lyon depuis six mois dans le centre ville.",A1
414,"Selon l'élue du 1er arrondissement, la coupe dans le budget de l'opéra répond aussi aux recommandations récurrentes de la chambre régionale des comptes, reprochant l'impact de l'établissement lyrique dans les finances municipales.",C1
415,"Aujourd'hui, je vais te présenter ma famille.",A2
416,"Trop souvent le tourisme est une cause de dégradation de l'environnement ou de désorganisation d'une société traditionnelle alors que le voyageur doit être à l'écoute, tolérant et s'adapter à la vie locale.",B1
417,"Je vous ai dit, c'est une fille bizarre.",A2
418,"J'habite à New York, et toi ?",A1
419,L'accès par voie électronique de l'ensemble des formalités au registre du commerce et des sociétés.,B2
420,"Il faut avoir les compétences, la technologie, pour les fabriquer, ou utiliser des capsules déjà existantes.",C2
421,"Il rampait à plat ventre, galopait à quatre pattes, prenait son panier aux dents, se tordait, glissait, ondulait, serpentait d'un mort à l'autre, et vidait la giberne ou a cartouchière comme un singe ouvre une voix.",B2
422,"Après tout, la façon dont ont s'habille fait partie de sa personnalité, non?",B1
423,Ce sont des vacances très relaxantes,A1
424,Il faudrait aborder la question le plus tôt possible afin de prendre les mesures coercitives adéquates.,C1
425,C'était sa grande différence entre lui et moi.,B1
426,Je n'ai pas beaucoup d'occasions d'écouter les chansons modernes.,A2
427,"Il aura de bons rapports avec la dernière femme de son père, Lucrezia Guglielmo Cortigiani, et laissera une note l'appelant ""chère et douce mère"".",C2
428,"Le détachement procuré par le statut de voyageur facilite-t-il la transgression des normes, légales ou morales, auxquelles est tenu un individu avec domicile fixe ?",C2
429,j'aime beaucoup faire du parapente.,A1
430,Moi je pense que l'école ne peut pas tout faire.,A2
431,"Quand ils se verront, elle pleurera et elle s'évanouira ; l'émotion sera trop grande.",B1
432,"Elle me répondit avec bonté, me donna des conseils affectueux, m'offrit une amitié sincère, mais me déclara que jusqu'au retour du comte de P *** elle ne pourrait me recevoir.",C2
433,Vraiment?,A1
434,Viens ici!,A1
435,Il annonce qu'il va faire appel.,A2
436,J'ai perdu mes feuilles !,A1
437,"Dani, est-ce que tu t'es inscrite à ton concours administratif ?",A1
438,"Même si Limoges est une grande ville, elle n'a rien à voir avec Paris !",A1
439,"Ce précieux instrument, d'origine américaine, envoyait, sans se gêner, un projectile conique de quatre kilogrammes à une distance moyenne de seize kilomètres.",B2
440,Tu es ridicule.,A1
441,"Choisir un logement n'est pas évident: certains achètent un appartement en ville, d'autres préfèrent une maison à la campagne.",B1
442,"Plus près de nous, l'internationalisation des marchés financiers, la diffusion de l'information par les médias électroniques et les autres avatars de la mondialisation ont intensifié la menace qui pesait déjà sur les petites langues.",C1
443,"Ce qui change vraiment, c'est la façon de favoriser l'accès à la connaissance.",B1
444,"Leurs branches étaient complètement nues, tandis que toutes leurs feuilles étaient tombées par terre.",B2
445,"De plus, ton inattention augmentera son désir de captiver ton attention, de t'intéresser, de te plaire, la remplira d'un sentiment confus de respect.",C2
446,"Je poursuivis longtemps de la sorte, levant toutes les objections, retournant de mille manières tous les raisonnements qui plaidaient en ma faveur.",C2
447,"Soit le commerce équitable est réduit délibérément à une des formes de la politique sociale du libéralisme, faisant prévaloir les oeuvres caritatives sur les droits sociaux, soit il est au contraire un véritable enjeu de société.",C1
448,"Non, je ne le trouve pas !",A1
449,Ils ont beaucoup d'idées,A1
450,C'est comme ça tous les jours.,A2
451,"La conscience malheureuse, c'est donc le mauvais infini tel que la philosophie de Fichte amène à le concevoir.",C2
452,"Une langue qui n'est pas employée sur Internet ""n'existe plus"" dans le monde moderne.",B1
453,"Avant de boire une tasse de café, il faut faire pousser le plan de café, le récolter, le transporter, l'emballer, le vendre et le préparer",B1
454,La stratégie de sauvegarde des données constitue la pierre angulaire d'un plan de continuité et de reprise car elle va permettre d'assurer le critère de disponibilité.,C1
455,"Je veux trouver un cadeau d'anniversaire pour ma copine, donc je vais aller au centre commercial",A2
456,Le ciel était noir.,A2
457,J'aimerais que tu fermes la fenêtre avant de partir.,B1
458,"Les républicains se disaient outrés par d'anciens commentaires les visant nommément, tandis que des progressistes proches de Bernie Sanders la jugeaient trop centriste.",B2
459,"A gauche, c'est ma salle de bain, avec vue sur mon jardin. Je me sens très bien dans ma nouvelle maison !",A2
460,"Que ces acteurs, telle la marque Max Havelaar, croient ou feignent de croire qu'ils disposent du rapport de force nécessaire pour infléchir les pratiques de ces multinationales, c'est leur droit.",C1
461,Il travaille à Rome,A1
462,Je me débattais intérieurement : j'étais indigné contre moi-même.,C2
463,"Entre-temps, après avoir réalisé un bénéfice, Piero acheta une plaque décorée d'un coeur transpercé d'une flèche qu'il donna au paysan.",C1
464,Pourquoi on ne peut pas jouer avec Jules et Alice ?,A1
465,Cette activité apparait dans la religion grecque de l'Antiquité comme un cadeau qui est toutefois imposé aux Hommes pour qu'ils puissent survivre,C2
466,Alexandre aimait réviser à l'université pour flirter avec des filles de la faculté de droit,B1
467,"Du moment qu'on a une démocratie, on doit écouter le peuple.",B1
468,"En revanche, le sapin n'avait pas perdu une seule aiguille.",A2
469,"Elle n'aime pas les reproches, elle est susceptible.",B1
470,Il y a des régions où les enfants ne vont pas à l'école le mercredi.,A2
471,Il est midi et quize minutes.,A1
472,Il a participé à la construction du canal ?,A2
473,J'adore la cuisine ici,A2
474,J'ai posé le courrier sur la table.,A2
475,"En plus, comme il faisait très beau on mangeait toujours dans le jardin avec des amis ou des voisins, j'ai beaucoup parlé, tu sais !",B1
476,Mais la société a évolué et si l'école ne le fait pas il y aura de plus en plus de jeunes comme ceux que décrit Mlle Lesueur.,A2
477,D'où tu viens?,A1
478,Je n'aime pas cette photo.,A1
479,"Sa grand-mère paternelle, céramiste et proche de Léonard, est peut-être la personne qui l'initia aux arts.",C1
480,"Nous nous installions dans la maison de vacances, puis nous prenions l'apéritif avec les voisins",A2
481,Je crois que c'est surtout pour me faire plaisir.,A2
482,Ces chiffres sont susceptibles de varier au cours de cette année.,B2
483,"Le résultat de ces deux études démontrent que chez les personnes par ailleurs en bonne santé et menant un train de vie normal, les valeurs en ferritine n'influencent pas à elles seules des degrés de fatigue divers.",C2
484,"La fenêtre s'est refermée sur ma main, ça fait mal.",B1
485,Le restaurant n'est pas loin du musée du Louvre,A1
486,"Liberté privée, ordre public: telle est l'équation fétiche des Français.",B2
487,Il veut aller à la montagne,A2
488,Je commence par un petit-déjeuner dans un café près de l'Arc de Triomphe avec des croissants délicieux,B1
489,"Inversement, les régions tempérées lointaines n'intéressent que médiocrement les colonisateurs jusqu'à l'explosion démographique du Vieux Continent au XIXe siècle, moment où les ""pays neufs"" deviennent des prolongements européens.",C2
490,"Les gourmets, adeptes de bistronomie, s'en voient souvent proposé en plateau accompagné de fruits secs, voire de confiture ; un mélange sucré salé qui sied parfaitement aux apéritifs dinatoires si chers aux papilles hexagonales.",C2
491,Un héritier : un héritier est une personne qui reçoit des droits ou un patrimoine après la mort d'une personne.,A2
492,Je m'appelle Jessica,A1
493,Je vous remercie et je vous souhaite une très bonne journée.,A2
494,"On ne pouvait citer aucune action condamnable ; on ne pouvait même m'en contester quelques-unes qui semblaient annoncer de la générosité ou du dévouement ; mais on disait que j'étais un homme immoral, un homme peu sûr : deux épithètes heureusement inventées pour insinuer les faits qu'on ignore, et laisser deviner ce qu'on ne sait pas.",C2
495,Tu dois te couper les ongles.,A2
496,"Avec la distanciation sociale, les occasions de se réunir ont également été moins fréquentes.",B2
497,"Le dessein de lui plaire, mettant dans ma vie un nouvel intérêt, animait mon existence d'une manière inusitée.",C2
498,"Comme mon père parlait toujours du côté de Méséglise comme de la plus belle vue de la plaine qu'il connût et du côté de Guermantes comme du type de paysage de rivière, je leur donnais, en les concevant ainsi comme deux entités, cette cohésion, cette unité qui n'appartiennent qu'aux créations de notre esprit ; la moindre parcelle de chacun d'eux me semblait précieuse et manifester leur excellence particulière, tandis qu'à côté d'eux, avant qu'on fût arrivé sur le sol sacré de l'un ou de l'autre, les chemins purement matériels au milieu desquels ils étaient posés comme l'idéal de la vue de plaine et l'idéal du paysage de rivière, ne valaient pas plus la peine d'être regardés que par le spectateur épris d'art dramatique les petites rues qui avoisinent un théâtre.",C2
499,"Si vous voulez attendre au bar, on vous appellera quand ce sera prêt.",A2
500,"Cet emballage innovant, allié au développement des lignes de chemin de fer, permit la distribution du camembert dans d'autres régions de France, mais aussi à l'étranger.",B2
